month,total_off,rolling_total
2020-03,9698,9698
2020-04,26710,36408
2020-05,25804,62212
2020-06,7627,69839
2020-07,7112,76951
2020-08,1969,78920
2020-09,609,79529
2020-10,450,79979
2020-11,237,80216
2020-12,852,81068
2021-01,6813,87881
2021-02,868,88749
2021-03,47,88796
2021-04,261,89057
2021-06,2434,91491
2021-07,80,91571
2021-08,1867,93438
2021-09,161,93599
2021-10,22,93621
2021-11,2070,95691
2021-12,1200,96891
2022-01,510,97401
2022-02,3685,101086
2022-03,5714,106800
2022-04,4128,110928
2022-05,12885,123813
2022-06,18144,141957
2022-07,16223,158180
2022-08,13055,171235
2022-09,5881,177116
2022-10,17406,194522
2022-11,53751,248273
2022-12,10329,258602
2023-01,84714,343316
2023-02,38093,381409
2023-03,4470,385879
